{
    "0": {
        "k": 2.2,
        "sigma_n": 2.4,
        "maxE": 8.018842039587852,
        "rmse": 2.212471111503504
    },
    "1": {
        "k": 5.0,
        "sigma_n": 3.8,
        "maxE": 8.95263596214356,
        "rmse": 2.501752089837443
    },
    "2": {
        "k": 1.8,
        "sigma_n": 4.2,
        "maxE": 9.126698612071621,
        "rmse": 2.5706418657156895
    },
    "3": {
        "k": 1.4,
        "sigma_n": 4.0,
        "maxE": 9.042870263285742,
        "rmse": 2.5367955097441492
    },
    "4": {
        "k": 1.6,
        "sigma_n": 2.0,
        "maxE": 7.5858034725387355,
        "rmse": 2.109704535307108
    },
    "5": {
        "k": 2.0,
        "sigma_n": 4.0,
        "maxE": 9.042870263285742,
        "rmse": 2.5367955097441492
    },
    "6": {
        "k": 3.8,
        "sigma_n": 0.4,
        "maxE": 5.186526851423567,
        "rmse": 1.6082061443758562
    },
    "7": {
        "k": 1.2,
        "sigma_n": 1.8,
        "maxE": 7.325166053689141,
        "rmse": 2.053316374061089
    },
    "8": {
        "k": 3.2,
        "sigma_n": 0.8,
        "maxE": 5.935402373588055,
        "rmse": 1.6986949205102457
    },
    "9": {
        "k": 1.0,
        "sigma_n": 1.0,
        "maxE": 6.190368850751469,
        "rmse": 1.7801195296469101
    },
    "10": {
        "k": 4.4,
        "sigma_n": 2.2,
        "maxE": 7.815714315969679,
        "rmse": 2.1625988124217743
    },
    "11": {
        "k": 4.0,
        "sigma_n": 3.4,
        "maxE": 8.748388770687086,
        "rmse": 2.427671722822094
    },
    "12": {
        "k": 4.0,
        "sigma_n": 1.8,
        "maxE": 7.325166053689141,
        "rmse": 2.053316374059142
    },
    "13": {
        "k": 1.2,
        "sigma_n": 0.4,
        "maxE": 5.186526851423567,
        "rmse": 1.6082061512834187
    },
    "14": {
        "k": 2.2,
        "sigma_n": 5.0,
        "maxE": 9.546502071980981,
        "rmse": 2.695611289805456
    },
    "15": {
        "k": 3.8,
        "sigma_n": 4.6,
        "maxE": 9.315939133065772,
        "rmse": 2.635072747915588
    },
    "16": {
        "k": 3.0,
        "sigma_n": 1.2,
        "maxE": 6.3665482583355555,
        "rmse": 1.856858755202739
    },
    "17": {
        "k": 4.2,
        "sigma_n": 0.0,
        "maxE": 258.48748118492904,
        "rmse": 142.06485123206545
    },
    "18": {
        "k": 2.2,
        "sigma_n": 3.6,
        "maxE": 8.854908683786292,
        "rmse": 2.465414655818051
    },
    "19": {
        "k": 3.0,
        "sigma_n": 4.6,
        "maxE": 9.315939133065772,
        "rmse": 2.635072747915588
    },
    "20": {
        "k": 3.4,
        "sigma_n": 0.2,
        "maxE": 7.4483828392851485,
        "rmse": 2.0813349367913747
    },
    "21": {
        "k": 4.8,
        "sigma_n": 0.4,
        "maxE": 5.186526851423567,
        "rmse": 1.6082061436445914
    },
    "22": {
        "k": 4.8,
        "sigma_n": 3.0,
        "maxE": 8.502490182657496,
        "rmse": 2.3474310382417842
    },
    "23": {
        "k": 4.6,
        "sigma_n": 1.4,
        "maxE": 6.696347775709338,
        "rmse": 1.9276160912250626
    },
    "24": {
        "k": 3.6,
        "sigma_n": 0.4,
        "maxE": 5.186526851423567,
        "rmse": 1.6082061445686944
    },
    "25": {
        "k": 5.0,
        "sigma_n": 0.6,
        "maxE": 5.568184112697725,
        "rmse": 1.6224250549413815
    },
    "26": {
        "k": 4.6,
        "sigma_n": 2.8,
        "maxE": 8.359112886367573,
        "rmse": 2.3046045667604576
    },
    "27": {
        "k": 3.6,
        "sigma_n": 1.4,
        "maxE": 6.696347775709338,
        "rmse": 1.9276160912302889
    },
    "28": {
        "k": 2.6,
        "sigma_n": 0.0,
        "maxE": 258.4430245906021,
        "rmse": 142.07572576405593
    },
    "29": {
        "k": 2.6,
        "sigma_n": 2.6,
        "maxE": 8.198869440507575,
        "rmse": 2.2597029174135455
    }
}