{
    "0": {
        "k": 4.8,
        "sigma_theta": 1.6,
        "sigma_rxy": 0.3,
        "sigma_rtheta": 0.25,
        "maxE": 8.565660427186863,
        "rmse": 2.1042439731198623
    },
    "1": {
        "k": 3.0,
        "sigma_theta": 2.0,
        "sigma_rxy": 0.65,
        "sigma_rtheta": 0.05,
        "maxE": 7.369700356826971,
        "rmse": 1.9127112724425355
    },
    "2": {
        "k": 3.4,
        "sigma_theta": 0.7,
        "sigma_rxy": 0.85,
        "sigma_rtheta": 0.2,
        "maxE": 8.51439558275683,
        "rmse": 2.158437148054875
    },
    "3": {
        "k": 1.0,
        "sigma_theta": 2.9,
        "sigma_rxy": 0.95,
        "sigma_rtheta": 0.4,
        "maxE": 8.910018098363015,
        "rmse": 2.3248849215991174
    },
    "4": {
        "k": 1.0,
        "sigma_theta": 0.9,
        "sigma_rxy": 0.6,
        "sigma_rtheta": 0.15,
        "maxE": 8.292312486273474,
        "rmse": 2.053421333834385
    },
    "5": {
        "k": 4.2,
        "sigma_theta": 2.5,
        "sigma_rxy": 0.05,
        "sigma_rtheta": 0.35,
        "maxE": 11.199821023266132,
        "rmse": 2.3436183567417284
    },
    "6": {
        "k": 2.4,
        "sigma_theta": 0.7,
        "sigma_rxy": 0.05,
        "sigma_rtheta": 0.05,
        "maxE": 7.260749793523139,
        "rmse": 1.6753734137657514
    },
    "7": {
        "k": 2.0,
        "sigma_theta": 2.5,
        "sigma_rxy": 0.8,
        "sigma_rtheta": 0.05,
        "maxE": 7.410977181796742,
        "rmse": 1.9556958002168252
    },
    "8": {
        "k": 3.8,
        "sigma_theta": 0.9,
        "sigma_rxy": 1.0,
        "sigma_rtheta": 0.25,
        "maxE": 8.655571792168974,
        "rmse": 2.2266371796860818
    },
    "9": {
        "k": 4.0,
        "sigma_theta": 4.1,
        "sigma_rxy": 0.8,
        "sigma_rtheta": 0.05,
        "maxE": 7.410977181796767,
        "rmse": 1.9556958002171116
    },
    "10": {
        "k": 2.4,
        "sigma_theta": 1.7,
        "sigma_rxy": 0.5,
        "sigma_rtheta": 0.0,
        "maxE": 5.460183496106932,
        "rmse": 1.5247475654020346
    },
    "11": {
        "k": 2.4,
        "sigma_theta": 1.7,
        "sigma_rxy": 0.25,
        "sigma_rtheta": 0.2,
        "maxE": 8.42815585784551,
        "rmse": 2.031629333762556
    },
    "12": {
        "k": 2.4,
        "sigma_theta": 1.7,
        "sigma_rxy": 0.5,
        "sigma_rtheta": 0.05,
        "maxE": 7.329030687932978,
        "rmse": 1.8651428580945166
    },
    "13": {
        "k": 4.8,
        "sigma_theta": 3.2,
        "sigma_rxy": 0.1,
        "sigma_rtheta": 0.05,
        "maxE": 7.2515936085391495,
        "rmse": 1.700461353714713
    },
    "14": {
        "k": 2.6,
        "sigma_theta": 0.2,
        "sigma_rxy": 0.4,
        "sigma_rtheta": 0.45,
        "maxE": 9.076317984281793,
        "rmse": 2.353804740883002
    },
    "15": {
        "k": 1.6,
        "sigma_theta": 4.5,
        "sigma_rxy": 0.65,
        "sigma_rtheta": 0.0,
        "maxE": 5.685514840497564,
        "rmse": 1.6009507597213086
    },
    "16": {
        "k": 1.0,
        "sigma_theta": 4.3,
        "sigma_rxy": 0.05,
        "sigma_rtheta": 0.0,
        "maxE": 4.550129467066784,
        "rmse": 1.1856851140599187
    },
    "17": {
        "k": 1.0,
        "sigma_theta": 3.2,
        "sigma_rxy": 0.05,
        "sigma_rtheta": 0.0,
        "maxE": 4.550129467065883,
        "rmse": 1.185773422039084
    },
    "18": {
        "k": 1.6,
        "sigma_theta": 3.7,
        "sigma_rxy": 0.2,
        "sigma_rtheta": 0.15,
        "maxE": 8.227093925168088,
        "rmse": 1.947646609613405
    },
    "19": {
        "k": 1.0,
        "sigma_theta": 5.0,
        "sigma_rxy": 0.45,
        "sigma_rtheta": 0.45,
        "maxE": 9.077711752361708,
        "rmse": 2.345839389113007
    },
    "20": {
        "k": 1.0,
        "sigma_theta": 5.0,
        "sigma_rxy": 0.05,
        "sigma_rtheta": 0.0,
        "maxE": 4.550129467064741,
        "rmse": 1.1857730183162503
    },
    "21": {
        "k": 1.4,
        "sigma_theta": 5.0,
        "sigma_rxy": 0.1,
        "sigma_rtheta": 0.0,
        "maxE": 4.689420541645301,
        "rmse": 1.236102483483963
    },
    "22": {
        "k": 1.0,
        "sigma_theta": 5.0,
        "sigma_rxy": 0.05,
        "sigma_rtheta": 0.0,
        "maxE": 4.550129467064741,
        "rmse": 1.1857730183162503
    },
    "23": {
        "k": 1.4,
        "sigma_theta": 4.3,
        "sigma_rxy": 0.05,
        "sigma_rtheta": 0.0,
        "maxE": 4.550129467067279,
        "rmse": 1.1857731959202167
    },
    "24": {
        "k": 1.6,
        "sigma_theta": 4.3,
        "sigma_rxy": 0.05,
        "sigma_rtheta": 0.0,
        "maxE": 4.550129467063162,
        "rmse": 1.1857729639320826
    },
    "25": {
        "k": 1.0,
        "sigma_theta": 4.1,
        "sigma_rxy": 0.05,
        "sigma_rtheta": 0.0,
        "maxE": 4.550129467071834,
        "rmse": 1.1857732575397235
    },
    "26": {
        "k": 1.0,
        "sigma_theta": 4.9,
        "sigma_rxy": 0.05,
        "sigma_rtheta": 0.0,
        "maxE": 4.550129467065542,
        "rmse": 1.1857731231006987
    },
    "27": {
        "k": 4.2,
        "sigma_theta": 3.0,
        "sigma_rxy": 0.05,
        "sigma_rtheta": 0.0,
        "maxE": 4.550129467072363,
        "rmse": 1.1857732983210496
    },
    "28": {
        "k": 1.0,
        "sigma_theta": 4.3,
        "sigma_rxy": 0.05,
        "sigma_rtheta": 0.0,
        "maxE": 4.550129467066784,
        "rmse": 1.1856851140599187
    },
    "29": {
        "k": 1.8,
        "sigma_theta": 4.3,
        "sigma_rxy": 0.05,
        "sigma_rtheta": 0.0,
        "maxE": 4.550129467065224,
        "rmse": 1.185772844886982
    },
    "30": {
        "k": 1.6,
        "sigma_theta": 4.3,
        "sigma_rxy": 0.05,
        "sigma_rtheta": 0.0,
        "maxE": 4.550129467063162,
        "rmse": 1.1857729639320826
    },
    "31": {
        "k": 1.4,
        "sigma_theta": 4.3,
        "sigma_rxy": 0.05,
        "sigma_rtheta": 0.0,
        "maxE": 4.550129467067279,
        "rmse": 1.1857731959202167
    },
    "32": {
        "k": 1.6,
        "sigma_theta": 3.4,
        "sigma_rxy": 0.05,
        "sigma_rtheta": 0.0,
        "maxE": 4.550129467065116,
        "rmse": 1.1857735150250543
    },
    "33": {
        "k": 1.0,
        "sigma_theta": 5.0,
        "sigma_rxy": 0.25,
        "sigma_rtheta": 0.5,
        "maxE": 9.442380784777793,
        "rmse": 2.3973003838024676
    },
    "34": {
        "k": 1.2,
        "sigma_theta": 4.4,
        "sigma_rxy": 0.1,
        "sigma_rtheta": 0.0,
        "maxE": 4.689420541654101,
        "rmse": 1.2361035123360848
    },
    "35": {
        "k": 1.4,
        "sigma_theta": 4.5,
        "sigma_rxy": 0.15,
        "sigma_rtheta": 0.0,
        "maxE": 4.807687666670761,
        "rmse": 1.2827691747145684
    },
    "36": {
        "k": 1.4,
        "sigma_theta": 4.3,
        "sigma_rxy": 0.05,
        "sigma_rtheta": 0.0,
        "maxE": 4.550129467067279,
        "rmse": 1.1857731959202167
    },
    "37": {
        "k": 1.8,
        "sigma_theta": 4.3,
        "sigma_rxy": 0.05,
        "sigma_rtheta": 0.0,
        "maxE": 4.550129467065224,
        "rmse": 1.185772844886982
    },
    "38": {
        "k": 2.0,
        "sigma_theta": 3.9,
        "sigma_rxy": 0.15,
        "sigma_rtheta": 0.05,
        "maxE": 7.253239494400081,
        "rmse": 1.7252742595401251
    },
    "39": {
        "k": 2.0,
        "sigma_theta": 3.8,
        "sigma_rxy": 0.25,
        "sigma_rtheta": 0.1,
        "maxE": 7.920144489773886,
        "rmse": 1.880546851601102
    },
    "40": {
        "k": 1.8,